Number of species	3
Number of genes	55204
Number of genes in orthogroups	41629
Number of unassigned genes	13575
Percentage of genes in orthogroups	75.4
Percentage of unassigned genes	24.6
Number of orthogroups	11134
Number of species-specific orthogroups	2079
Number of genes in species-specific orthogroups	6639
Percentage of genes in species-specific orthogroups	12.0
Mean orthogroup size	3.7
Median orthogroup size	3.0
G50 (assigned genes)	4
G50 (all genes)	3
O50 (assigned genes)	3406
O50 (all genes)	5281
Number of orthogroups with all species present	5409
Number of single-copy orthogroups	1949
Date	2021-01-28
Orthogroups file	Orthogroups.tsv
Unassigned genes file	Orthogroups_UnassignedGenes.tsv
Per-species statistics	Statistics_PerSpecies.tsv
Overall statistics	Statistics_Overall.tsv
Orthogroups shared between species	Orthogroups_SpeciesOverlaps.tsv

Average number of genes per-species in orthogroup	Number of orthogroups	Percentage of orthogroups	Number of genes	Percentage of genes
<1	3534	31.7	7068	17.0
'1	6190	55.6	22853	54.9
'2	1074	9.6	7063	17.0
'3	199	1.8	1955	4.7
'4	52	0.5	667	1.6
'5	29	0.3	454	1.1
'6	14	0.1	267	0.6
'7	12	0.1	262	0.6
'8	13	0.1	317	0.8
'9	3	0.0	84	0.2
'10	5	0.0	156	0.4
11-15	4	0.0	148	0.4
16-20	2	0.0	106	0.3
21-50	3	0.0	229	0.6
51-100	0	0.0	0	0.0
101-150	0	0.0	0	0.0
151-200	0	0.0	0	0.0
201-500	0	0.0	0	0.0
501-1000	0	0.0	0	0.0
'1001+	0	0.0	0	0.0

Number of species in orthogroup	Number of orthogroups
1	2079
2	3646
3	5409
